{
    "val": [
        {
            "val_avg_loss": 11.780500411987305,
            "val_avg_rouge1": 0.011210664335664335,
            "val_avg_rouge2": 0.0,
            "val_avg_rougeL": 0.011210664335664335,
            "val_avg_gen_time": 0.04935097694396973,
            "val_avg_summ_len": 20.0,
            "avg_rouge1": 0.011210664335664335,
            "step_count": 1
        },
        {
            "val_avg_loss": 2.418661594390869,
            "val_avg_rouge1": 0.24451377615440115,
            "val_avg_rouge2": 0.009375000000000001,
            "val_avg_rougeL": 0.24279852092352092,
            "val_avg_gen_time": 0.05318618752062321,
            "val_avg_summ_len": 6.75,
            "avg_rouge1": 0.24451377615440115,
            "step_count": 2
        }
    ],
    "test": [
        {
            "test_avg_loss": 2.4558112621307373,
            "test_avg_rouge1": 0.23870837056134733,
            "test_avg_rouge2": 0.032360006924222466,
            "test_avg_rougeL": 0.2371021908708045,
            "test_avg_gen_time": 0.025671106344895635,
            "test_avg_summ_len": 8.289257935673744,
            "avg_rouge1": 0.23870837056134733,
            "step_count": 3
        }
    ]
}