{
    "val": [
        {
            "val_avg_loss": 11.206679344177246,
            "val_avg_rouge1": 0.009438131313131313,
            "val_avg_rouge2": 0.0,
            "val_avg_rougeL": 0.009438131313131313,
            "val_avg_gen_time": 0.10718665271997452,
            "val_avg_summ_len": 16.0,
            "avg_rouge1": 0.009438131313131313,
            "step_count": 1
        }
    ]
}