{
    "val": [
        {
            "val_avg_loss": 10.892864227294922,
            "val_avg_rouge1": 0.009438131313131313,
            "val_avg_rouge2": 0.0,
            "val_avg_rougeL": 0.009438131313131313,
            "val_avg_gen_time": 0.04116038605570793,
            "val_avg_summ_len": 15.5,
            "avg_rouge1": 0.009438131313131313,
            "step_count": 1
        },
        {
            "val_avg_loss": 2.415433406829834,
            "val_avg_rouge1": 0.24451377615440115,
            "val_avg_rouge2": 0.009375000000000001,
            "val_avg_rougeL": 0.24279852092352092,
            "val_avg_gen_time": 0.049689263105392456,
            "val_avg_summ_len": 6.5,
            "avg_rouge1": 0.24451377615440115,
            "step_count": 2
        }
    ],
    "test": [
        {
            "test_avg_loss": 2.446058511734009,
            "test_avg_rouge1": 0.23958652911348338,
            "test_avg_rouge2": 0.03264239295994074,
            "test_avg_rougeL": 0.23801295174162715,
            "test_avg_gen_time": 0.025214557828544433,
            "test_avg_summ_len": 8.310279587975614,
            "avg_rouge1": 0.23958652911348338,
            "step_count": 3
        }
    ]
}